clavesih,nombreoficial,nombrecomun,estado,nommunicipio,regioncna,latitud,longitud,uso,corriente,tipovertedor,inicioop,elevcorona,bordolibre,nameelev,namealmac,namoelev,namoalmac,alturacortina
TENPB,"Tenango, Pue.","Tenango, Pue.",Puebla,Huauchinango,Golfo Centro,20.199444,-97.983333,GH,R. Coacuila,Libre,1912,1353,2.0,1351.4,46.576,1345.6,28.479,39
LCLGR,"La Calera, Gro.","La Calera, Gro.",Guerrero,Zirándaro,Balsas,18.418611,-101.003056,RI,R. Chiquito o El Oro,Libre,1964,124.3,1.68,122.6200027,34.1928,118.0,9.393,31.8
ECAGR,"Ing. Carlos Ramírez Ulloa, Gro.","El Caracol, Gro.",Guerrero,General Heliodoro Castillo,Balsas,17.947778,-99.995556,GH,R. Balsas,Contr,1986,526,2.4,523.6,1183.23,521.0,1057.29,126
LOLMC,"Los Olivos, Mich.","Los Olivos, Mich.",Michoacán de Ocampo,Tepalcatepec,Balsas,19.210833,-102.865556,RI,Los Otates,Libre,1961,423,2.0,421.0,16.27099991,418.0,10.26200008,37
SJUMC,"San Juanico, Mich.","La Laguna, Mich.",Michoacán de Ocampo,Cotija,Balsas,19.839444,-102.651389,RI,R. Cotija,Libre,1950,1574.6,0.0,1604.56,71.69,1603.86,60.545,5.7
CHLMC,"Constitución de Apatzingán, Jal.","Chilatán, Jal.",Jalisco,Jilotlán de los Dolores,Balsas,19.287778,-102.774167,RI,R. Grande,Libre,1990,440,2.32001,437.6799927,807.1500244,429.4500122,590.0250244,107
ZICMC,"Zicuirán, Mich.","La Peña, Mich.",Michoacán de Ocampo,La Huacana,Balsas,18.921111,-101.931944,RI,R. Zicuirán,Libre,1957,302.75,1.31,301.4400024,47.48500061,299.0,36.29399872,46
INFMC,"Infiernillo, Mich.","Infiernillo, Mich.",Guerrero,Arteaga,Balsas,18.266667,-101.883333,GH,R. Balsas,Contr,1964,184,0.8,183.2,15194.8,169.0,9367.77,151.5
VILMC,"José María Morelos y Pavón, Mich.","La Villita, Mich.",Michoacán de Ocampo,Lázaro Cárdenas,Balsas,18.048333,-102.180278,AP/GH/RI,R. Balsas,Contr,1973,59.73,3.0,56.73,686.94,51.2,545.93,73
LCRDR,"Lázaro Cárdenas, Dgo.","El Palmito, Dgo.",Durango,Indé,Cuencas Centrales del Norte,25.594167,-105.015833,RI,R. Nazas,Contr,1946,1635,3.0,1632.0,4278.541,1622.46,2957.61,100
FZRDR,"Francisco Zarco, Dgo.","Las Tórtolas, Dgo.",Durango,Cuencamé,Cuencas Centrales del Norte,25.270833,-103.773611,RI,R. Nazas,Contr,1968,1213,2.94995,1210.050049,383.1600037,1208.2,309.24,39.5
LNRDR,"Los Naranjos, Dgo.","Los Naranjos, Dgo.",Durango,General Simón Bolívar,Cuencas Centrales del Norte,24.613056,-103.306944,RI,R. Santa Clara,Libre,1985,1663,1.91003,1661.089966,27.38999939,1658.400024,20.928,48
TGRDR,"El Tigre, Dgo.",El Tigre,Durango,San Juan de Guadalupe,Cuencas Centrales del Norte,24.563056,-102.785,RI,Arroyo El Tigre,Libre,,1581.62,0.0,1580.12,18.56,1576.92,14.0,34.5
SGOZC,"Santiago, Zac.",Santiago,Zacatecas,Miguel Auza,Cuencas Centrales del Norte,24.288611,-103.506111,RI,Río Santiago,Libre,,2001.8,0.0,2000.26,11.421,1997.26,6.2,25.6
ELCZC,"El Cazadero, Zac.","El Cazadero, Zac",Zacatecas,Río Grande,Cuencas Centrales del Norte,23.693333,-103.098333,RI,R. Aguanaval,Libre,1964,1920.12,1.50006,1919.939941,44.68000031,1916.0,22.178,27.12
LREZC,"Gobernador Leobardo Reynoso, Zac.","Trujillo, Zac.",Zacatecas,Fresnillo,Cuencas Centrales del Norte,23.18,-103.216944,RI,R. San Francisco o Los Lazos,Libre,1946,2131.85,2.31997,2129.53,125.921,2127.35,95.717,40.34
STRZC,"Santa Rosa, Zac.","Santa Rosa, Zac.",Zacatecas,Fresnillo,Cuencas Centrales del Norte,22.923611,-103.108889,RI,A. El Arenal,Libre,1937,2250.19,0.550107,2249.639893,14.04100037,2248.639893,10.47599983,15
APRDR,"Ing. Benjamín Ortega Cantero, Dgo.","Agua Puerca, Dgo.",Durango,Hidalgo,Cuencas Centrales del Norte,26.226389,-104.493889,RI,A. Grande del Derrame,Libre,1984,1436.4,2.30002,1434.099976,56.06000137,1430.199951,30.764,34.8
VHGDR,"Villa Hidalgo, Dgo.","Villa Hidalgo, Dgo.",Durango,Hidalgo,Cuencas Centrales del Norte,26.2425,-104.928889,RI,A. Cerro Gordo,Libre,1977,1731.28,1.73,1729.55,39.555,1726.23,23.08,34.2
SNJSL,"San José, S.L.P.","San José, S.L.P.",San Luis Potosí,San Luis Potosí,Cuencas Centrales del Norte,22.150278,-101.054444,AP,R. Santiago,Libre,1903,1955.5,0.359985,1933.7,5.656,1933.3,5.223,32
ELPSL,"Gonzalo N. Santos, S.L.P.","El Peaje, S.L.P.",San Luis Potosí,San Luis Potosí,Cuencas Centrales del Norte,22.092222,-101.098611,AP,A. Grande o Azul,Libre,1953,2049.6,1.73,2047.87,9.054,2044.849976,6.685,39
EPOSL,"El Potosino, S.L.P.","El Potosino, S.L.P.",San Luis Potosí,San Luis Potosí,Cuencas Centrales del Norte,22.099722,-101.078056,RI,A. El Potosino,Libre,1990,2000.85,0.150024,2000.849976,5.198999882,1996.800049,3.292999983,30.85
ELOSL,"Cañada del Lobo, S.L.P.","Cañada del Lobo, S.L.P.",San Luis Potosí,San Luis Potosí,Cuencas Centrales del Norte,22.094722,-100.9675,CA,R. Españita,Libre,1987,1963.7,1.54998,1962.1,2.161,1958.8,1.244,28
IVGSL,"Valentín Gama, S.L.P.","Ojo Caliente, S.L.P.",San Luis Potosí,Villa de Reyes,Cuencas Centrales del Norte,21.88,-100.820556,RI,R. Santa María,Libre,1970,1789.55,1.45002,1788.099976,22.39999962,1783.800049,9.510000229,24
ANGCP,"Doctor Belisario Domínguez, Chis.","La Angostura, Chis.",Chiapas,Acala,Frontera Sur,16.401389,-92.778889,GH,R. Grijalva,Contr,1976,543,3.5,539.5,19736.4,533.0,13169.63,147
CHICP,"Manuel Moreno Torres, Chis.","Chicoasén, Chis.",Chiapas,Osumacinta,Frontera Sur,16.941667,-93.100556,GH,R. Grijalva,Contr,1980,405,7.0,395.0,1318.6,392.5,205.98,261
MALCP,"Nezahualcóyotl, Chis.","Malpaso, Chis.",Chiapas,Tecpatán,Frontera Sur,17.178611,-93.598889,GH,R. Grijalva o Mezcalapa,Contr,,192,4.0,188.0,14056.32,182.5,9317.39,138
JSBCP,"Juan Sabines, Chis.","El Portillo II o Cuxtepeques, Chis.",Chiapas,La Concordia,Frontera Sur,15.996389,-92.898611,RI,R. Cuxtepeques,Libre,1981,620.25,1.97998,618.2700195,116.1100006,612.1199951,68.15000153,46
PENCP,"Angel Albino Corzo, Chis.","Peñitas, Chis.",Chiapas,Ostuacán,Frontera Sur,17.446111,-93.458611,GH,R. Grijalva,Contr,1986,98,5.0,95.5,578.63,87.4,215.041,58
NNEPB,"Necaxa, Pue.","Necaxa, Pue.",Puebla,Juan Galindo,Golfo Centro,20.216667,-98.000556,GH,R. Necaxa,Libre,1908,1344,1.0,1343.0,39.283,1338.0,29.055,59
PIRMX,"Ignacio Ramírez, Méx.","La Gavia, Méx.",Estado de México,Almoloya de Juárez,Lerma-Santiago-Pacífico,19.461667,-99.775,RI,R. La Gavia,Libre,1965,2553.76,3.28002,2550.47998,36.29999924,2548.44,20.227,23.5
TPTMX,"San Andrés Tepetitlán, Méx.","Tepetitlán,Méx.",Estado de México,San Felipe del Progreso,Lerma-Santiago-Pacífico,19.660833,-99.961389,RI,R. San José,Libre,1964,2597.38,2.92004,2594.459961,81.02899933,2592.02002,59.9659996,35
TEPMC,"Tepuxtepec, Mich.","Tepuxtepec, Mich.",Michoacán de Ocampo,Contepec,Lerma-Santiago-Pacífico,20.000278,-100.229167,GH/RI,R. Lerma,Contr,1930,2352,2.0,2350.0,537.527,2348.11,449.97,47
SLSGJ,"Solís, Gto.","Solis, Gto.",Guanajuato,Acámbaro,Lerma-Santiago-Pacífico,20.055278,-100.669722,RI,R. Lerma,Contr,1949,1901.7,3.0,1898.7,1214.14,1892.54,800.0,56.7
PFBMX,"Francisco José Trinidad Fabela, Méx.","Islas de las Aves o El Salto, Méx.",Estado de México,Atlacomulco,Lerma-Santiago-Pacífico,19.829167,-99.790278,RI,R. Del Salto,Libre,1945,2697.5,1.69995,2697.800049,12.32,2696.699951,9.93,19.15
LDYGJ,"Laguna de Yuriria, Gto.","Bordo de Tavamatacheo, Gto.",Guanajuato,Yuriria,Lerma-Santiago-Pacífico,20.286944,-101.073056,RI,R. Lerma,Contr,1550,0,0.0,1731.400024,325.1950073,1730.92,278.79,10
TMUMC,"Tercer Mundo, Mich.","Chincua, Mich.",Michoacán de Ocampo,Senguio,Lerma-Santiago-Pacífico,19.766389,-100.299167,RI,R. Chincua,Libre,1972,2431.2,2.41992,2428.580078,17.33200073,2427.580078,14.97200012,32
COIMC,"Cointzio, Mich.","Cointzio, Mich.",Michoacán de Ocampo,Morelia,Lerma-Santiago-Pacífico,19.629722,-101.259167,AP/RI,R. Grande de Morelia,Contr,1939,1997,1.50005,2001.319946,79.23300171,1999.47,68.52,46
MLPMC,"Malpaís, Mich.","La Ciénega, Mich.",Michoacán de Ocampo,Queréndaro,Lerma-Santiago-Pacífico,19.829167,-100.873611,RI,R. Quérendaro,Mixto,1938,1830.96,1.0,1843.56,27.249,1842.530029,18.512,7
PRSGJ,"La Purísima, Gto.","La Purísima, Gto.",Guanajuato,Guanajuato,Lerma-Santiago-Pacífico,20.867222,-101.287778,RI,R. Guanajuato,Contr,,1863,0.0,1860.7,181.926,1853.47,110.0,43
SLDGJ,"La Soledad, Gto.","La Soledad, Gto.",Guanajuato,Guanajuato,Lerma-Santiago-Pacífico,21.04,-101.279722,AP,R. Santa Ana,Libre,1956,2211.4,2.2501,2209.149902,2.371000051,2207.75,1.857,51
EPLGJ,"El Palote, Gto.","El Palote, Gto.",Guanajuato,León,Lerma-Santiago-Pacífico,21.173611,-101.678889,AP,R. De Los Gómez,Libre,1954,1839.5,0.9,1838.6,17.161,1836.15,9.643,20.5
GLNGJ,"La Golondrina, Gto.","La Golondrina,Gto.",Guanajuato,Pénjamo,Lerma-Santiago-Pacífico,20.439167,-101.7425,RI,R. Penjamo,Libre,1968,1838.7,1.58,1837.119995,5.96999979,1835.199951,4.670000076,45.7
MOCMC,"Melchor Ocampo, Mich.","El Rosario, Mich.",Michoacán de Ocampo,Angamacutiro,Lerma-Santiago-Pacífico,20.127222,-101.724444,RI,R. Angúlo,Libre,1975,1716.5,2.08997,1714.410034,249.8430023,1711.900024,194.4539948,34
AMEMC,"Aristeo Mercado, Mich.","Wilson ,Mich.",Michoacán de Ocampo,Jiménez,Lerma-Santiago-Pacífico,19.926111,-101.661111,RI,A. sin nombre,Libre,1926,1999.83,6.03,1993.8,28.305,1993.5,25.344,9.2
LANMC,"Los Angeles, Mich.",Tres Mezquites,Michoacán de Ocampo,José Sixto Verduzco,Lerma-Santiago-Pacífico,20.248889,-101.626667,RI,C. El Alto Las Cañas,Libre,,1689.95,0.0,1688.45,17.096,1687.95,14.59,10
LDFMC,"Laguna del Fresno, Mich.","Laguna del Fresno, Mich.",Michoacán de Ocampo,Maravatío,Lerma-Santiago-Pacífico,19.838056,-100.406389,RI,R. Cachiví,Libre,1946,2059,2.0,2057.0,13.132,2055.98,10.299,8.8
MABGJ,"Mariano Abasolo, Gto.","San Antonio de Aceves, Gto.",Guanajuato,Pénjamo,Lerma-Santiago-Pacífico,20.507222,-101.931111,RI,A. los Otates,Libre,1971,1755,1.92,1753.08,23.946,1751.3,20.079,43
CPAMC,"Copándaro, Mich.","Copándaro de Dolores, Mich.",Michoacán de Ocampo,Jiquilpan,Lerma-Santiago-Pacífico,20.001667,-102.861389,RI,R. La Patera,Libre,1927,1999,9.79,1989.209,9.717,1987.659,2.752,5.7
HRTJL,"Hurtado, Jal.","Valencia, Jal.",Jalisco,Acatlán de Juárez,Lerma-Santiago-Pacífico,20.466944,-103.651111,RI,A. San Antonio,Libre,1879,1464,1.34,1462.66,22.624,1462.66,22.624,10.35
JARMC,"Jaripo, Mich.","Jaripo, Mich.",Michoacán de Ocampo,Villamar,Lerma-Santiago-Pacífico,19.958333,-102.601944,RI,A. sin nombre,Libre,1951,1548.5,2.2,1580.42,9.265,1578.91,6.028,20
GUAMC,"Guaracha, Mich.","San Antonio, Mich.",Michoacán de Ocampo,Villamar,Lerma-Santiago-Pacífico,19.979167,-102.541389,RI,A. sin nombre,Libre,1913,1596.72,0.0,1580.11,29.79,1580.01,28.677,8
UREMC,"Urepetiro, Mich.","Urepetiro, Mich.",Michoacán de Ocampo,Tlazazalca,Lerma-Santiago-Pacífico,19.962222,-102.137778,RI,R. Tlazazalca,Libre,1964,1752.5,1.5,1745.68,10.923,1745.0,8.282,31
POLJL,"Ing. Guillermo Lugo Sanabria, Jal.","La Pólvora, Jal.",Jalisco,Degollado,Lerma-Santiago-Pacífico,20.491111,-102.231944,RI,R. Huascato,Libre,1989,1669.1,4.1,1665.0,56.15,1663.46,51.675,69
DGNMC,"De Gonzalo, Mich.","De Gonzalo, Mich.",Michoacán de Ocampo,Vista Hermosa,Lerma-Santiago-Pacífico,20.304444,-102.436944,RI,A. sin nombre,Libre,1890,1535.83,0.93,1534.9,10.0,1533.88,8.837,10
LDCJL,"Lago de Chapala, Jal.","Chapala, Jal.",Jalisco,Chapala,Lerma-Santiago-Pacífico,20.290556,-103.201667,AP,R. Lerma,Libre,,0,0.0,99.0,9279.71,98.0,8126.41,0
LCLJL,"La Colonia, Jal.","La Colonia, Jal.",Jalisco,Zapotlán del Rey,Lerma-Santiago-Pacífico,20.43,-102.931944,RI,A. Los Sabinos,Libre,1927,0,0.0,103.4000015,6.5,103.0,5.775,6
CHLJL,"Chila, Jal.","Chila, Jal.",Jalisco,Zapotlán del Rey,Lerma-Santiago-Pacífico,20.489722,-102.944167,RI,A. Chila,Libre,1945,1525.88,1.0,99.0,1.0,98.7,0.762,10
BATQT,"El Batán, Qro.",Los Arcos,Querétaro,Corregidora,Lerma-Santiago-Pacífico,20.504167,-100.412222,RI,Río El Pueblito,Libre,,1914.85,0.0,1905.15,8.042,1902.1,5.791,45.5
BTEZC,"Ramón López Velarde, Zac.","Boca del Tesorero, Zac.",Zacatecas,Jerez,Lerma-Santiago-Pacífico,22.824167,-102.953333,RI,R. Jeréz,Libre,1975,2100.5,2.34009,2098.159912,36.74399948,2096.0,26.21999931,30
ACHZC,"Achimec, Jal.","Vaqueros, Jal.",Jalisco,Huejúcar,Lerma-Santiago-Pacífico,22.327222,-103.225278,RI,R. Huejúcar,Libre,,1846.3,2.02998,1844.27,12.212,1841.5,7.364,28.5
TENJL,"Tenasco, Jal.","Boquilla de Zaragoza, Jal.",Jalisco,Santa María de los Ángeles,Lerma-Santiago-Pacífico,22.171944,-103.198611,RI,A. Tenasco,Libre,1960,1777,0.0,1724.839966,13.85000038,1722.849976,10.49,32
EXCZC,"Miguel Alemán, Zac.","Excamé, Zac.",Zacatecas,Tepechitlán,Lerma-Santiago-Pacífico,21.645833,-103.35,RI,R. Tlaltenango,Contr,1949,1707,2.5,1704.5,70.91999817,1703.4,64.53,48
VILZC,"José María Morelos, Zac.","La Villita, Zac.",Zacatecas,Tepechitlán,Lerma-Santiago-Pacífico,21.588889,-103.3375,RI,A. San Pedro,Libre,1986,1833.2,2.01006,1831.189941,11.16499996,1829.0,9.017999649,39.2
TCTJL,"Tacotán, Jal.","Tacotán, Jal.",Jalisco,Unión de Tula,Lerma-Santiago-Pacífico,20.036111,-104.320278,RI,R. Ayutla,Libre,1960,1407.5,1.20996,1406.290039,169.0,1403.060059,149.2389984,68.5
BBAJL,"Basilio Vadillo, Jal.","Las Piedras, Jal.",Jalisco,El Limón,Lerma-Santiago-Pacífico,19.913611,-104.061111,RI,R. Tuxcacuesco,Libre,1973,982.8,2.7,978.97,146.888,974.35,124.75,96
TMLJL,"Ramón Corona Madrigal General, Jal.","Trigomil, Jal.",Jalisco,Ayutla,Lerma-Santiago-Pacífico,19.976111,-104.370278,RI,R. Ayuquila,Libre,1993,1209.34,2.94001,1209.359985,324.0,1201.400024,250.0,107
CRNJL,"Corrinchis, Jal.",Corrinchis,Jalisco,Mascota,Lerma-Santiago-Pacífico,20.479722,-104.780833,RI,Río Mascota,Libre,,1337,0.0,1336.1,29.0,1332.6,20.0,38
VEGJL,"Ing. Santiago Camarena, Jal.","La Vega, Jal.",Jalisco,Teuchitlán,Lerma-Santiago-Pacífico,20.596389,-103.845833,RI,R. Ameca,Libre,1960,1261,2.14001,1258.859985,80.0,1257.0,44.03499985,18
LDACM,"Laguna de Amela, Col.","Tecomán, Col.",Colima,Tecomán,Lerma-Santiago-Pacífico,18.809167,-103.774167,RI,Canal Bajo Amela y Dren Zanja,Libre,,10.89,3.25,7.64,41.3,7.39,38.343,6.35
TRJCM,"Solidaridad, Jal.","Trojes, Jal.",Jalisco,Pihuamo,Lerma-Santiago-Pacífico,18.967222,-103.396667,RI,R. El Cajón,Libre,1994,303.6,0.0,301.11,285.742,292.37,203.388,87
CPEJL,"Cajón de Peña, Jal.","Tomatlán, Jal.",Jalisco,Tomatlán,Lerma-Santiago-Pacífico,19.9975,-105.129722,RI,R. Tomatlán,Contr,1976,142,2.8,139.2,707.62,131.66,500.0,68
VCVJL,"Vicente C. Villaseñor, Jal.","Valle de Juárez, Jal.",Jalisco,Valle de Juárez,Lerma-Santiago-Pacífico,19.939722,-102.941667,RI,R. Quitupan,Libre,1950,1880,2.0,1878.0,18.12000084,1877.0,14.43999958,18
LCDSO,"Lázaro Cárdenas, Son.","La Angostura, Son.",Sonora,Nacozari de García,Noroeste,30.437778,-109.378889,RI,R. Bavispe,Libre,1942,843.75,3.59998,840.1500244,1116.459961,830.7000122,703.3800049,91.75
PECSO,"Plutarco Elías Calles, Son.","El Novillo, Son.",Sonora,Soyopa,Noroeste,28.976667,-109.642222,GH,R. Yaqui,Contr,1964,297.8,1.00001,296.8,3511.96,290.5,2833.07,133.8
AOBSO,"Alvaro Obregón, Son.","Oviachic, Son.",Sonora,Cajeme,Noroeste,27.8225,-109.8925,AP/GH/RI,R. Yaqui,Libre,1952,115.1,2.9,112.1999969,4478.215,105.5,3023.14,90
AGZCH,"Abraham González, Chih.","Guadalupe, Chih.",Chihuahua,Guerrero,Noroeste,28.481667,-107.482778,RI,R. Papigochi,Libre,1961,2052.9,1.59995,2051.300049,102.891,2047.800049,79.354,41.9
IRASO,"Ignacio R. Alatorre, Son.","Punta de Agua, Son.",Sonora,Guaymas,Noroeste,28.426389,-110.396944,RI,R. San Marcial o Mátape,Libre,1972,105,2.29,102.7099991,29.69000053,100.0,16.15999985,30
ARCSO,"Adolfo Ruiz Cortines, Son.","Mocúzari, Son.",Sonora,Alamos,Noroeste,27.226111,-109.106667,AP/GH/RI,Río Mayo,Mixto,1955,148,2.53,145.4700012,1822.141,138.46,1200.0,88.5
CHTSO,"Cuauhtémoc, Son.","Santa Teresa, Son.",Sonora,Tubutama,Noroeste,30.873333,-111.516389,RI,R. Altar,Libre,1950,603,2.75,600.25,66.33000183,597.0,41.47000122,57.2
AGCSO,"Agua Caliente, Son.",Dique 10,Sonora,Cajeme,Noroeste,27.75,-109.887778,RI,Canal Alto Oviachic,Libre,,100.85,0.0,79.6,41.16,79.1,37.58,8.35
ARLSO,"Abelardo Rodríguez Luján, Son.","Hermosillo, Son.",Sonora,Hermosillo,Noroeste,29.076667,-110.92,AP,R. Sonora,Contr,1948,231.6,3.20001,228.3999939,284.4700012,226.98,219.52,36
PMOSO,"Ing. Rodolfo Félix Valdés, Son.","El Molinito, Son.",Sonora,Hermosillo,Noroeste,29.2125,-110.725556,AP,R. Sonora,Libre,,295.4,2.00001,293.4,222.47,289.36,121.202,31.4
CRRBN,"El Carrizo, B.C.","El Carrizo, B.C.",Baja California,Tijuana,Península de Baja California,32.479444,-116.696944,AP,A. Carrizo,Libre,1978,288.34,2.12,286.2200012,44.58499908,284.7000122,40.86600113,55.8
ALRBN,"Abelardo L. Rodríguez, B.C.","Tijuana, B.C.",Baja California,Tijuana,Península de Baja California,32.444722,-116.908333,AP,R. Tijuana,Contr,1937,127,2.0,125.0,121.392,115.85,76.9,72
AURBN,"Las Auras, B.C.",,Baja California,Tecate,Península de Baja California,32.544722,-116.531667,AP,A. Las Auras,Libre,,822,0.0,822.0,5.1,820.0,5.01,40
ELZBN,"Emilio López Zamora, B.C.","Ensenada, B.C.",Baja California,Ensenada,Península de Baja California,31.890278,-116.6025,AP,A. Ensenada,Libre,1978,27,1.74,25.26000023,6.342000008,19.88999939,2.732000113,34
LDCSI,"Luis Donaldo Colosio, Sin.","Huites, Sin.",Sinaloa,Choix,Pacífico Norte,26.844722,-108.367778,GH,R. Fuerte,Contr,1995,290.75,0.75,290.0,4567.08,274.0,3202.16,164.75
PMHSI,"Miguel Hidalgo, Sin.","El Mahoné, Sin.",Sinaloa,El Fuerte,Pacífico Norte,26.509722,-108.58,AP/GH/RI,R. Fuerte,Mixto,1956,151.4,3.4,148.0,4171.273,142.36,3312.89,81
VCRCL,"Venustiano Carranza, Coah.","Don Martín, Coah.",Coahuila de Zaragoza,Juárez,Río Bravo,27.515,-100.616111,AP/RI,R. Sabinas,Contr,1932,265.8,4.00001,261.7999878,1322.372,259.24,874.1,38.86
LBCNL,"Rodrigo Gómez, N.L.","La Boca, N.L.",Nuevo León,Santiago,Río Bravo,25.428056,-100.128056,AP,A. La Chueca - San Juan,Contr,1961,450.04,0.839988,449.2000122,42.657,448.54,39.49,34
CCHNL,"Cuchillo Solidaridad, N.L.","El Cuchillo, N.L.",Nuevo León,China,Río Bravo,25.711667,-99.276944,AP/RI,R. San Juan,Contr,1994,169.2,3.0,166.6600037,1784.292,162.35,1123.143,44
MRGTP,"Marte Rodolfo Gómez, Tamps.","El Azúcar, Tamps.",Tamaulipas,Camargo,Río Bravo,26.204722,-98.925556,RI,R. San Juan,Libre,1946,86,3.0,83.0,2208.663,76.3,781.7,49
LBLTP,"Derivadora Las Blancas, Tamps.","Las Blancas, Tamps.",Tamaulipas,Mier,Río Bravo,26.408889,-99.233611,RI,R. Sombreretillo,Libre,2000,93.3,1.5,91.80000305,133.43206,89.91999817,83.784,32.38
TNTCH,"El Tintero, Chih.","El Tintero, Chih.",Chihuahua,Buenaventura,Río Bravo,29.5625,-107.384167,RI,R. Santa María,Libre,1950,1712,2.96997,1709.030029,216.7030029,1703.0,125.0749969,56
LJSCH,"Las Lajas, Chih.","Las Lajas, Chih.",Chihuahua,Buenaventura,Río Bravo,29.88,-107.025833,RI,R. El Carmen o Santa Clara,Libre,1964,1563.8,2.18,1561.619995,106.5469971,1558.699951,83.26599884,47
CPRNL,"José López Portillo, N.L.","Cerro Prieto, N.L.",Nuevo León,Linares,Río Bravo,24.9375,-99.399722,AP,A. Pablillo - Hualauises,Contr,1984,288,2.5,285.5,393.0,282.52,300.0,50
GDLMX,"Guadalupe, Méx.","Guadalupe,Méx.",Estado de México,Cuautitlán Izcalli,Aguas del Valle de México,19.635556,-99.252222,RI,R. Cuautitlán,Libre,1936,2308.75,1.92993,2306.820068,64.08,2305.199951,56.91,33
CNPMX,"La Concepción, Méx.","La Concepción, Méx.",Estado de México,Tepotzotlán,Aguas del Valle de México,19.695,-99.304444,RI,R. Tepotzotlán,Libre,1949,2355.64,3.09996,2352.540039,12.599,2352.100098,12.111,39
PMDMX,"Madín, Méx.","Madín, Méx.",Estado de México,Naucalpan de Juárez,Aguas del Valle de México,19.526944,-99.260833,AP,R. Tlanepantla,Contr,1959,2348.5,2.46,2346.04,17.964,2336.29,9.37,75
PRGHD,"Javier Rojo Gómez, Hgo.","La Peña, Hgo.",Hidalgo,Alfajayucan,Aguas del Valle de México,20.359722,-99.329444,RI,R. Alfajayucan,Contr,1979,1980.96,1.3,1977.839,43.317,1976.84,39.99,60
TXMHD,"Taxhimay, Méx.","Taxhimay, Méx.",Estado de México,Villa del Carbón,Aguas del Valle de México,19.834722,-99.385278,RI,R. San Luis de las P,Libre,1912,2217.05,7.05,2216.1,47.386,2214.1,39.914,43
PRQHD,"Requena, Hgo.","Requena, Hgo.",Hidalgo,Tula de Allende,Aguas del Valle de México,19.963056,-99.310833,RI,R. Tula,Mixto,,2116.59,1.5,2110.3,61.519,2109.0,51.57,38
ENDHD,"Endhó, Hgo.","Endhó, Hgo.",Hidalgo,Tepetitlán,Aguas del Valle de México,20.163889,-99.36,RI,R. Tula,Libre,1951,2023,3.0,2020.0,208.65,2018.0,182.9,60
PVAHD,"Vicente Aguirre, Hgo.","Las Golondrinas, Hgo.",Hidalgo,Alfajayucan,Aguas del Valle de México,20.435556,-99.375833,RI,R. Alfajayucan,Libre,1954,1865.9,7.4,1855.5,19.685,1854.9,17.799,27
SJATL,"San José Atlanga, Tlax.","Atlanga,Tlax.",Tlaxcala,Atlangatepec,Balsas,19.556111,-98.200556,RI,R. Zahuapán,Libre,1959,2500,2.32988,2486.870117,47.97,2486.399902,42.63,24.2
BDDPB,"Manuel Avila Camacho, Pue.","Valsequillo o Balcón del Diablo, Pue.",Puebla,Puebla,Balsas,18.9125,-98.108611,RI,R. Atoyac,Libre,1946,2064,2.0,2062.0,391.489,2059.02,300.654,85
YOSOX,"Yosocuta, Oax.",San Marcos Arteaga,Oaxaca,San Marcos Arteaga,Balsas,17.724444,-97.826111,RI/AP,Río Huajuapan,Libre,,1513.7,0.0,1512.55,57.26,1509.7,47.226,53.7
PUCMC,"Pucuato, Mich.","Pucuato, Mich.",Michoacán de Ocampo,Hidalgo,Balsas,19.621389,-100.684167,RI,A. Los Charcos,Libre,1946,2501.25,1.25,2500.0,11.534,2499.0,9.485,15
SABMC,"Sabaneta, Mich.","Sabaneta, Mich.",Michoacán de Ocampo,Hidalgo,Balsas,19.622778,-100.669444,RI,A. Los Charcos,Libre,1948,2494.9,2.05,2508.95,5.875,2508.0,5.043,17
AGOMC,"Agostitlán, Mich.","Mata de Pinos, Mich.",Michoacán de Ocampo,Hidalgo,Balsas,19.579722,-100.608889,RI,A. El Chaparro,Libre,1955,2379,1.16,2377.84,18.754,2376.6,15.675,25
DBOMC,"El Bosque, Mich.","El Bosque, Mich.",Michoacán de Ocampo,Zitácuaro,Balsas,19.387778,-100.421111,AP,R. San Juan,Libre,1954,1745,2.0,1743.0,220.1,1741.4,202.4,70
VBRMX,"Valle de Bravo, Méx.","Valle de Bravo, Méx.",Estado de México,Valle de Bravo,Balsas,19.2075,-100.18,AP,R. Valle de Bravo,Libre,1947,1835.37,2.5,1833.0,449.42,1830.0,394.39,56
VVCMX,"Villa Victoria, Méx.","Villa Victoria,Méx.",Estado de México,Villa Victoria,Balsas,19.461667,-100.055556,AP,R. San Juan Malacate,Libre,1944,2561.96,0.0,2607.5,249.943,2605.5,185.723,19
EGLGR,"El Gallo, Gro.","El Gallo, Gro.",Guerrero,Cutzamala de Pinzón,Balsas,18.703056,-100.671111,GH/RI,R. Cutzamala,Libre,1998,370.5,2.5,368.0,545.9660034,362.7799988,400.0390015,67.5
RODMR,"El Rodeo, Mor.","El Rodeo, Mor.",Morelos,Miacatlán,Balsas,18.765278,-99.331389,RI,R. Tembembe,Libre,1974,1166.5,2.30005,1166.5,33.13700104,1164.199951,26.98399925,8
LDTGR,"Laguna de Tuxpan, Gro.","Laguna de Tuxpan, Gro.",Guerrero,Iguala de la Independencia,Balsas,18.363333,-99.503056,RI,Antiguo canal de riego,Libre,1937,744.75,0.0,743.3499756,19.50300026,742.8400269,17.64699936,8
AFIGR,"Andrés Figueroa, Gro.","Las Garzas, Gro.",Guerrero,Ajuchitlán del Progreso,Balsas,18.075833,-100.5175,RI,R. Ajuchitán,Libre,1984,385,2.39001,382.6099854,133.029,377.0,102.5,72.5
VTRGR,"Valerio Trujano, Gro.","Tepecoacuilco, Gro.",Guerrero,Tepecoacuilco de Trujano,Balsas,18.295833,-99.466111,AP/RI,R. Tepecoacuilco,Libre,1964,844.3,1.51997,842.7800293,51.727,840.0,31.014,33.3
VGRGR,"Vicente Guerrero, Gro.","Palos Altos, Gro.",Guerrero,Arcelia,Balsas,18.382778,-100.265833,AP/RI,R. Poliutla,Libre,1968,433,2.70001,430.2999878,300.0,425.0,249.49,67.5
IALGJ,"Ignacio Allende, Gto.","La Begoña, Gto.",Guanajuato,San Miguel de Allende,Lerma-Santiago-Pacífico,20.848056,-100.825833,RI,R. de la Laja,Contr,1968,1834.7,2.04998,1833.33,241.41,1830.75,170.79,43
PNLGJ,"Peñuelitas, Gto.","Peñuelitas, Gto.",Guanajuato,Dolores Hidalgo Cuna de la Independencia Nacional,Lerma-Santiago-Pacífico,21.105,-100.878333,RI,R. De la Erre,Libre,1960,1908.2,0.91,1907.29,30.169,1904.7,17.46,28
SRSJL,"Manuel M. Diéguez, Jal.","Santa Rosa, Jal.",Jalisco,Amatitán,Lerma-Santiago-Pacífico,20.908889,-103.705556,GH,R. Santiago,Contr,1964,747,0.5,748.0,418.0,746.46,393.36,114
ESLJL,"El Salto, Jal.","El Salto, Jal.",Jalisco,Valle de Guadalupe,Lerma-Santiago-Pacífico,21.037222,-102.705,AP,R. El Salto,Libre,1940,1814.5,2.0,1812.5,118.54,1810.160034,85.0,42
SA1JL,"La Sauceda, Jal.","Garabatillos, Jal.",Jalisco,Lagos de Moreno,Lerma-Santiago-Pacífico,21.359167,-101.835556,RI,R. La Sauceda,Libre,1982,1923,1.96997,1921.030029,21.5,1918.900024,16.0,38.1
ANVAG,"Cincuenta Aniversario, Ags.",San José de Gracia,Aguascalientes,San José de Gracia,Lerma-Santiago-Pacífico,22.188611,-102.464167,AP/RI,Río Blanco,Libre,,89.2,0.0,2088.57,5.039,2086.0,4.1,39.2
PTRAG,"Derivadora Pabellón, Ags.","Derecha Potrerillos, Ags.",Aguascalientes,Rincón de Romos,Lerma-Santiago-Pacífico,22.235,-102.4375,RI,R. San Pedro,Libre,1931,2099.86,0.0,2093.0,2.099999905,2092.600098,2.038000107,35
PECAG,"Plutarco Elías Calles, Ags.","Calles, Ags.",Aguascalientes,San José de Gracia,Lerma-Santiago-Pacífico,22.141111,-102.417222,AP/RI,R. Santiago,Libre,1931,2022.6,0.6,2022.0,407.438,2020.0,358.121,67
JCQAG,"Jocoque, Ags.","Derecha Jocoque, Ags.",Aguascalientes,San José de Gracia,Lerma-Santiago-Pacífico,22.121667,-102.356944,RI,R. San Pedro,Libre,1929,1944.95,1.54998,1943.400024,11.39999962,1942.449951,10.97500038,44
ABRAG,"Abelardo L. Rodríguez, Ags.","Abelardo L. Rodríguez, Ags.",Aguascalientes,Jesús María,Lerma-Santiago-Pacífico,21.916944,-102.427778,RI,R. Morcinique,Libre,1934,1890.2,1.47,1890.0,18.816,1888.88,15.997,25
NGRAG,"El Niágara, Ags.","El Niágara, Ags.",Aguascalientes,Aguascalientes,Lerma-Santiago-Pacífico,21.78,-102.371667,RI,R. Aguascalientes,Libre,1963,1833,0.599976,1832.400024,31.69499969,1828.400024,16.18799973,31.5
CRTJL,"El Cuarenta, Jal.","El Cuarenta, Jal.",Jalisco,Lagos de Moreno,Lerma-Santiago-Pacífico,21.497778,-101.7375,RI,A. Azul,Libre,1949,2004,2.05005,2001.949951,38.95999908,1998.75,30.625,42
ESTJL,"El Estribón, Jal.","El Estribón, Jal.",Jalisco,Yahualica de González Gallo,Lerma-Santiago-Pacífico,21.185556,-102.900556,RI,A. Las Pilas,Libre,1946,1882.5,1.08997,1881.410034,7.739999771,1880.0,6.377999783,29
PMOZC,"Los Moraleños, Zac.",Moraleños,Zacatecas,Jalpa,Lerma-Santiago-Pacífico,21.711111,-102.903611,RI,Río Calvillo,Libre,,1324.75,0.0,1322.93,26.07,1318.96,20.932,47.05
PALZC,"Palomas, Zac.","Palomas, Zac.",Zacatecas,Villanueva,Lerma-Santiago-Pacífico,22.347778,-102.798056,RI,R. Palomas,Libre,1970,1908.34,0.86002,1907.47998,8.761,1904.25,4.62,28
TAYZC,"Ing. Julián Adame Alatorre, Zac.","Tayahua, Zac.",Zacatecas,Villanueva,Lerma-Santiago-Pacífico,22.120556,-102.864167,RI,R. Juchipila,Libre,1976,1701.7,0.289966,1701.410034,50.3769989,1696.01001,31.59799957,54.3
CHIZC,"El Chique, Zac.","El Chique, Zac.",Zacatecas,Tabasco,Lerma-Santiago-Pacífico,21.997222,-102.896111,RI,R. Juchipila,Libre,1958,1588.48,2.00002,1586.47998,192.5670013,1580.180054,138.9089966,61
CDRAG,"La Codorniz, Ags.","La Codorniz, Ags.",Aguascalientes,Calvillo,Lerma-Santiago-Pacífico,21.9975,-102.676944,RI,R. De La Labor,Libre,1966,1840,2.23999,1837.76001,6.527999878,1836.0,5.366000175,36
MNLAG,"Media Luna, Ags.","Media Luna, Ags.",Aguascalientes,Calvillo,Lerma-Santiago-Pacífico,21.8075,-102.788333,RI,R. Calvillo,Libre,1976,1624.1,2.14004,1621.959961,21.19599915,1619.199951,15.0,40.6
CUQJL,"Cuquío, Jal.","Los Gigantes, Jal.",Jalisco,Cuquío,Lerma-Santiago-Pacífico,20.948056,-103.039444,RI,A. Achichilco,Libre,1967,1808.5,1.92004,1806.579956,8.850000381,1805.5,7.5,24
REDJL,"La Red, Jal.","La Red, Jal.",Jalisco,Acatic,Lerma-Santiago-Pacífico,20.718889,-102.815278,RI,R. Calderón,Libre,1968,1796.5,1.80005,1794.699951,18.29999924,1792.5,14.25,24
EGCJL,"Ing. Elías González Chávez, Jal.","Puente Calderón, Jal.",Jalisco,Zapotlanejo,Lerma-Santiago-Pacífico,20.681389,-102.976111,AP,R. Calderón,Libre,1991,1622,2.0,1620.0,100.0,1618.0,80.0,36
AGMNR,"Aguamilpa Solidaridad, Nay.","Aguamilpa, Nay.",Nayarit,Tepic,Lerma-Santiago-Pacífico,21.839167,-104.802222,GH,R. Santiago,Contr,1993,235,3.0,232.0,6950.0,222.0,5785.16,187
CJNNR,"Leonardo Rodríguez Alcaine, Nay.","Leonardo Rodríguez Alcáine, Nay.",Nayarit,Santa María del Oro,Lerma-Santiago-Pacífico,21.428333,-104.450833,GH,R. Santiago,Contr,2006,394.5,0.5,394.0,2393.11,391.0,2282.13,186
RSRNR,"San Rafael, Nay.",San Rafael,Nayarit,Tepic,Lerma-Santiago-Pacífico,21.780833,-104.8875,RI/GH,Río Grande de Santiago,Contr,,67.85,0.0,66.1,35.591,63.41,26.179,51.85
PLYJL,"Ing. Alfredo Elías Ayub, Jal.","La Yesca, Jal.",Nayarit,Hostotipaquillo,Lerma-Santiago-Pacífico,21.196944,-104.105833,GH,R. Santiago,Contr,2012,579,1.0,578.0,2392.88,575.0,2292.92,207
STEZC,"Independencia Nacional, Zac.",Santa Teresa,Zacatecas,Monte Escobedo,Lerma-Santiago-Pacífico,22.326667,-103.495833,RI,Arroyo Santa Teresa,Libre,,1951.6,0.0,1949.33,13.944,1946.0,9.172,31.6
LOBZC,"Manuel Felgueres, Zac.","Lobatos, Zac.",Zacatecas,Valparaíso,Lerma-Santiago-Pacífico,22.845278,-103.382778,RI,R. Cuevecillas,Libre,1980,2082.3,2.12007,2080.179932,9.43500042,2077.050049,6.90500021,35
PSANL,"Salinillas, N.L.","Salinillas, N.L.",Nuevo León,Anáhuac,Río Bravo,27.429167,-100.372222,RI,R. Salado,Libre,1930,0,0.0,232.0,19.01099968,232.0,19.01099968,10
JORSI,"Josefa Ortiz de Domínguez, Sin.","El Sabino, Sin.",Sinaloa,El Fuerte,Pacífico Norte,26.426944,-108.7025,AP/RI,A. Alamos,Contr,1967,113.5,2.93,112.6500015,685.11,109.5,519.28,44
GDOSI,"Gustavo Díaz Ordaz, Sin.","Bacurato, Sin.",Sinaloa,Sinaloa,Pacífico Norte,25.856667,-107.911111,AP/GH/RI,R. Sinaloa,Contr,1981,256,3.5,252.5,2687.074,237.06,1618.751,116
GBESI,"Ing. Guillermo Blake Aguilar, Sin.","El Sabinal, Sin.",Sinaloa,Sinaloa,Pacífico Norte,26.103056,-108.3275,AP/RI,A. Ocoroni,Libre,1985,201.2,4.59,196.6100006,469.2,188.4499969,294.578,81.2
EBLSI,"Lic. Eustaquio Buelna, Sin.","Guamúchil, Sin.",Sinaloa,Salvador Alvarado,Pacífico Norte,25.484722,-108.065556,AP/RI,R. Mocorito,Contr,1972,71.2,2.35,68.84999847,264.9500122,63.54,80.08,41
ALMSI,"Adolfo López Mateos, Sin.","El Humaya o El Varejonal, Sin.",Sinaloa,Badiraguato,Pacífico Norte,25.101389,-107.388333,AP/RI,R. Humaya,Libre,1964,186.5,3.02,183.4799957,4034.52002,176.0,3086.610107,105.5
JGRSI,"Juan Guerrero Alcocer, Sin.","Vinoramas, Sin.",Sinaloa,Culiacán,Pacífico Norte,24.753611,-107.059444,RI,A. El Bledal,Libre,1994,178.3,2.02,176.2799988,102.0,168.5,54.684,50
SNLSI,"Sanalona, Sin.","Sanalona, Sin.",Sinaloa,Culiacán,Pacífico Norte,24.815,-107.151389,AP/GH/RI,R. Tamazula,Libre,1948,165,2.83,162.17,987.522,156.2,687.988,81
JLPSI,"José López Portillo, Sin.","Comedero, Sin.",Sinaloa,Cosalá,Pacífico Norte,24.571667,-106.807222,AP/GH/RI,R. San Lorenzo,Contr,1981,290,4.54999,286.9500122,3966.169922,272.16,2580.19,136
CBRDR,"Caboraca, Dgo.","Canoas, Dgo.",Durango,Canatlán,Pacífico Norte,24.538333,-104.810278,RI,R. La Sauceda,Libre,1992,2003.75,2.46997,2001.280029,57.88000107,1998.25,45.0,37
PAGDR,"Peña del Aguila, Dgo.","Peña Del Aguila, Dgo.",Durango,Durango,Pacífico Norte,24.203889,-104.656667,RI,R. La Sauceda,Libre,1954,1896.8,1.52998,1895.27002,54.902,1892.5,27.948,25
GVCDR,"Presidente Guadalupe Victoria, Dgo.","El Tunal, Dgo.",Durango,Durango,Pacífico Norte,23.961111,-104.753056,RI,R. Tunal,Mixto,1962,1934.8,1.69,1934.61,94.617,1931.0,78.06,72.8
SBYDR,"Santiago Bayacora, Dgo.","Santiago Bayacora, Dgo.",Durango,Durango,Pacífico Norte,23.874444,-104.675833,RI,R. Santiago Bayacora,Libre,1990,1962,0.810059,1965.939941,169.8690033,1959.01001,130.0469971,66.75
FVLDR,"Francisco Villa, Dgo.","El Bosque, Dgo.",Durango,Poanas,Pacífico Norte,24.001667,-103.960833,RI,R. Poanas,Libre,1968,1998.7,2.57,1996.130005,96.56999969,1993.0,73.26000214,58.7
SLTSI,"Ing. Aurelio Benassini Vizcaíno, Sin.","El Salto o Elota, Sin.",Sinaloa,Elota,Pacífico Norte,24.121944,-106.695833,RI,R. Elota,Libre,1988,167.1,2.46,164.6399994,815.592,154.5,403.9,73
SELDR,"Santa Elena, Dgo.","Santa Elena, Dgo.",Durango,Súchil,Pacífico Norte,23.623056,-104.054444,RI,R. Graseros,Libre,1977,2002.75,1.14001,2001.61,18.766,1999.8,15.08,30.75
RMEGR,"Revolución Mexicana, Gro.","El Guineo, Gro.",Guerrero,Ayutla de los Libres,Pacífico Sur,16.823611,-99.166111,RI,R. Nexpa,Libre,1984,110.7,3.11,107.5899963,259.502,94.40000153,126.694,70.7
JDMOX,"Presidente Benito Juárez, Oax.","Bordo Benito Juárez, Oax.",Oaxaca,Santa María Jalapa del Marqués,Pacífico Sur,16.445556,-95.397778,RI,R. Tehuantepec,Libre,1961,138.4,2.64999,139.8500061,1726.747,124.25,720.317,85.5
LBQCH,"La Boquilla, Chih.","Lago de Toronto, Chih.",Chihuahua,San Francisco de Conchos,Río Bravo,27.544722,-105.414167,GH/RI,R. Conchos,Libre,1916,1322,2.90002,1319.1,3192.75,1317.0,2846.78,82
SGBDR,"San Gabriel, Dgo.","San Gabriel, Dgo.",Durango,Ocampo,Río Bravo,26.436667,-105.560833,RI,R. Florido,Libre,1991,1785.6,2.20999,1783.390015,377.3380127,1777.900024,245.4309998,48
PAGCH,"Pico del Aguila, Chih.","Pico Del Aguila, Chih.",Chihuahua,Coronado,Río Bravo,26.546389,-105.254167,RI,R. Florido,Libre,1993,1625.9,2.5,1619.0,59.843,1616.900024,48.276,42
FIMCH,"Las Vírgenes, Chih.","Francisco I. Madero, Chih.",Chihuahua,Rosales,Río Bravo,28.166111,-105.628889,RI,R. San Pedro,Libre,1949,1243.8,1.23994,1242.560059,477.6220093,1239.3,333.32,57
LLNCH,"El Granero, Chih.","Ing. Luis L. León, Chih.",Chihuahua,Aldama,Río Bravo,28.984444,-105.28,RI,R. Conchos,Contr,1968,1053,2.5,1050.5,824.76181,1034.8,284.382,62
CHUCH,"Chihuahua, Chih.","Chihuahua, Chih.",Chihuahua,Chihuahua,Río Bravo,28.570556,-106.167778,AP,R.Â Chuviscar,Libre,1960,1546,1.71997,1544.280029,35.63100052,1540.819946,23.38299942,58
ERECH,"El Rejón, Chih.","El Rejón, Chih.",Chihuahua,Chihuahua,Río Bravo,28.614722,-106.119444,AP,A. El Rejón,Libre,1966,1479.8,1.48005,1478.319946,7.7550001139999996,1477.0,6.528,33
PAZCH,"Piedras Azules, Chih.",,Chihuahua,Allende,Río Bravo,27.249167,-105.211111,RI,Río Parral,Libre,,2000,0.0,1998.42,13.194,1996.5,8.712,22
CILAAMSMX,"Internacional La Amistad, Coah.","La Amistad, Coah.",Coahuila de Zaragoza,Acuña,Río Bravo,29.446944,-101.057222,AP/RI,R. Bravo,Contr,1968,351.22,0.0,349.03,2707.437,340.46,1769.66,87.57
CNTCL,"El Centenario, Coah.","El Centenario, Coah.",Coahuila de Zaragoza,Jiménez,Río Bravo,29.213611,-100.95,RI,R. San Diego,Libre,1935,338,1.62,336.3800049,25.711,336.1499939,24.5890007,17
SMGCL,"San Miguel, Coah.","San Miguel, Coah.",Coahuila de Zaragoza,Jiménez,Río Bravo,29.034167,-100.953889,AP/RI,R. San Diego,Libre,1935,343.5,1.54001,341.9599915,22.19300079,341.7399902,21.16799927,15
LFGCL,"La Fragua, Coah.","La Fragua, Coah",Coahuila de Zaragoza,Jiménez,Río Bravo,28.82,-100.832222,RI,R. San Rodrigo,Libre,1993,306.68,2.00001,303.96,85.37999725,300.2999878,47.29499817,24.7
CILAFLCMX,"Internacional Falcón, Tamps.","Falcón, Tamps.",Tamaulipas,Guerrero,Río Bravo,26.560278,-99.170556,AP/RI,R. Bravo,Contr,1953,98.45,0.0,93.482,1607.962,91.81,1351.63,50
NEXPB,"Nexapa, Pue.","Nexapa, Pue.",Puebla,Tlaola,Golfo Centro,20.168333,-97.984722,GH,R. Nexapa,Libre,1912,1364,1.0,1362.35,15.313,1360.0,12.5,44
LLAHD,"La Laguna, Hgo.","Tejocotal, Pue.",Hidalgo,Acaxochitlán,Golfo Centro,20.135556,-98.128333,RI,A. Huitzilin,Libre,1903,2185,1.0,2184.5,49.227,2183.0,40.638,19
LREHD,"Los Reyes, Hgo.","Omiltepec, Pue.",Hidalgo,Acaxochitlán,Golfo Centro,20.174722,-98.131944,RI,R. Omiltepec,Libre,1913,2168.5,1.5,2167.0,29.263,2165.0,24.031,30
SOLPB,"La Soledad, Pue.","La Soledad, Pue.",Puebla,Tlatlauquitepec,Golfo Centro,19.960833,-97.446667,GH,R. Apulco y Xiucayucan,Contr,1962,806.5,1.5,805.0,14.98,804.5,13.9,91.5
PEMVC,"El Moralillo, Ver.",Piedra Labrada,Veracruz de Ignacio de la Llav,Tepetzintla,Golfo Centro,21.184444,-97.814444,AP,Río Buenavista,Libre,,116,0.0,115.94,8.126,110.78,2.5,15.5
TEMOX,"Presidente Alemán, Oax.","Temascal, Oax.",Oaxaca,San Miguel Soyaltepec,Golfo Centro,18.232222,-96.412222,GH,R. Papaloapan,Contr,1955,74.79,3.5,68.5,9105.54,66.5,8119.09,76
CDOOX,"Miguel de la Madrid Hurtado, Oax.","Cerro de Oro, Oax.",Oaxaca,San Lucas Ojitlán,Golfo Centro,17.999167,-96.263611,CA,R. Papaloapan,Contr,1988,75.6,2.8,70.01,3547.16,64.86,2599.51,70
LDCVC,"Canseco, Ver.","Laguna de Catemaco, Ver.",Veracruz de Ignacio de la Llav,Catemaco,Golfo Centro,18.415833,-95.118333,GH,R. Grande,Contr,1960,334.5,1.0,333.5,552.7,332.7,493.02,7.2
LCAVC,"La Cangrejera, Ver.","La Crangrejera, Ver.",Veracruz de Ignacio de la Llav,Coatzacoalcos,Golfo Centro,18.109444,-94.330833,AP,R. Teapa,Libre,1980,23.87,2.22,21.64999962,31.60000038,21.25,28.53700066,15.87
PJMTP,"Pedro José Méndez, Tamps.","Pedro J. Méndez, Tamps.",Tamaulipas,Hidalgo,Golfo Norte,24.2475,-99.555833,RI,R. San Juan,Libre,1982,453,3.60001,449.3999939,38.36000061,447.2200012,31.26000023,55
VGRTP,"Vicente Guerrero, Tamps.","Las Adjuntas, Tamps.",Tamaulipas,Padilla,Golfo Norte,23.959444,-98.666389,AP/RI,R. Soto La Marina,Contr,1967,148,4.12001,144.0399933,5498.22998,140.44,3910.69,62
RSPTP,"República Española, Tamps.","Real Viejo o El Sombrero, Tamps.",Tamaulipas,Aldama,Golfo Norte,23.259444,-97.991944,AP,A. San Pedro,Libre,1974,92,2.57,89.43000031,105.9899979,83.0,54.77999878,30
JLPQT,"Jalpan, Qro.",Jalpan,Querétaro,Jalpan de Serra,Golfo Norte,21.230278,-99.479722,RI/AP,Río Jalpan,Libre,,785,0.0,784.55,11.2,780.55,8.0,41
TIESL,"La Muñeca, S.L.P.","La Muñeca, S.L.P.",San Luis Potosí,Tierra Nueva,Golfo Norte,21.629444,-100.548333,AP,R. Jofre,Libre,1981,1843.75,2.0,1841.75,31.0,1837.699951,24.14,40.25
ZMPHD,"Ing. Fernando Hiriart Balderrama, Hgo.","Zimapán, Hgo.",Hidalgo,Zimapán,Golfo Norte,20.663333,-99.501111,GH,R. Moctezuma,Contr,1990,1565,2.0,1563.0,1460.0,1560.0,1390.0,203
CHYVC,"Paso de Piedras, Ver.","Chicayán, Ver.",Veracruz de Ignacio de la Llav,Pánuco,Golfo Norte,21.7375,-98.155833,RI,R. Chicayán,Contr,1979,32.25,3.97,28.28,572.32,23.64,249.97,34
ERCTP,"Estudiante Ramiro Caballero Dorantes, Tamps.","Las Animas, Tamps.",Tamaulipas,González,Golfo Norte,22.605,-98.691667,AP/RI,A. Las Animas,Libre,1976,55,2.45,52.55,654.37,51.7,563.443,31.2
SLZTP,"Lic. Emilio Portes Gil, Tamps.","San Lorenzo, Tamps.",Tamaulipas,Xicoténcatl,Golfo Norte,22.943889,-98.791389,AP/RI,A. El Sargento,Libre,1983,125,1.1,123.9000015,255.65,122.9499969,230.78,50.4
IDFQT,"San Ildefonso, Qro.","El Tepozán, Qro.",Querétaro,Amealco de Bonfil,Golfo Norte,20.198611,-99.9625,RI,R. San Juan,Libre,1942,2261.93,1.87,2242.5,58.026,2239.0,47.812,62.7
CNSQT,"Constitución de 1917, Qro.","Hidalgo, Qro.",Querétaro,San Juan del Río,Golfo Norte,20.418611,-100.080278,RI,Dren Caracol,Contr,1969,1937,1.55005,1928.39,76.461,1927.06,66.08,35
VNTQT,"La Venta, Qro.","La Venta, Qro.",Querétaro,Pedro Escobedo,Golfo Norte,20.498611,-100.190556,RI,Dren Culebra,Libre,1907,1896,0.619946,1907.680054,3.77699995,1906.680054,2.479000092,4.3
LLAQT,"La Llave, Qro.","Divino Redentor, Qro.",Querétaro,San Juan del Río,Golfo Norte,20.461944,-99.994722,RI,Dren Culebra,Libre,1885,0,0.0500244,1891.099976,14.41399956,1890.0,9.312000275,5
CNTQT,"El Centenario, Qro.","El Centenario, Qro.",Querétaro,Tequisquiapan,Golfo Norte,20.513333,-99.897778,RI,R. San Juan,Mixto,1910,1898,0.51001,1882.5,14.178,1881.55,9.781,13
PNDMX,"Ñadó, Méx.","Ñadó, Méx.",Estado de México,Aculco,Aguas del Valle de México,20.038611,-99.864444,RI,R. Ã‘adó,Libre,1980,2477.5,2.0,2475.5,18.5,2474.0,16.79999924,52.5
HPNMX,"Huapango, Méx.","Huapango, Méx.",Estado de México,Timilpan,Aguas del Valle de México,20.046389,-99.696944,RI,R. Huapango,Libre,1765,2513,0.199951,2512.8,126.5,2512.65,121.3,14
PMNMX,"El Molino, Méx.","El Molino, Méx.",Estado de México,Aculco,Aguas del Valle de México,20.124167,-99.739722,RI,A. Zarco,Libre,1980,2491,0.0,2385.09,8.7,2384.39,7.686,12
PERHD,"La Esperanza, Hgo.","La Esperanza, Hgo.",Hidalgo,Cuautepec de Hinojosa,Golfo Norte,20.0575,-98.334722,RI,R. Santa María,Libre,1943,2210.6,0.999902,2209.600098,4.199999809,2207.699951,3.920000076,28.7
DNXMX,"Danxho, Méx.","Danxho, Méx.",Estado de México,Jilotepec,Aguas del Valle de México,19.884722,-99.559722,RI,R. Coscomate,Libre,1951,2455.6,0.470117,2455.13,32.67,2454.0,31.046,31
SBBMX,"José Antonio Alzate, Méx.","San Bernabé, Méx.",Estado de México,Temoaya,Lerma-Santiago-Pacífico,19.465833,-99.704722,RI,R. Lerma,Libre,1962,2567,1.58008,2566.919922,52.50899887,2565.5,35.31200027,24
PTZMC,"Pátzcuaro, Mich.","Pátzcuaro, Mich.",,Pátzcuaro,Sin información,19.542778,-101.616944,RI,R. Jaripo,Libre,,,0.0,2042.35,1135.573,2038.57,646.582,
TMPTP,"Tampico, Tamps.",Sistema lagunario Chairel,,Tampico,Sin información,22.238333,-97.876111,,L. El Chairel,Libre,,,0.0,1.4,854.0,1.0,676.0,
